kol_account,profile_post_count,last_checked_at,last_changed_at,check_status
adasuper87,1042.0,2026-04-30 17:26:17,2026-04-29 19:52:24,skipped_same_count
meow_ying_,473.0,2026-04-30 17:26:13,2026-04-29 19:52:19,skipped_same_count
brian_diandan,487.0,2026-04-30 17:26:04,2026-04-28 12:09:31,skipped_same_count
lyc._.16,360.0,2026-04-30 17:26:01,2026-04-29 22:17:24,skipped_same_count
_i_i_dayday,635.0,2026-04-30 17:25:56,2026-04-29 22:17:20,skipped_same_count
snoop123v,1319.0,2026-04-30 17:25:52,2026-04-30 17:25:52,changed_fetching
q1a2z3w4s5x6r,1969.0,2026-04-30 17:25:48,2026-04-27 19:58:15,skipped_same_count
hl_yuan,408.0,2026-04-30 17:25:44,2026-04-28 19:59:37,skipped_same_count
made.with.gold,614.0,2026-04-30 17:25:40,2026-04-28 19:59:32,skipped_same_count
coffeewayne_,67.0,2026-04-30 17:25:37,2026-04-20 19:31:00,skipped_same_count
mmark_hsu,2141.0,2026-04-30 17:25:30,2026-04-29 17:22:07,skipped_same_count
lichenghaos,393.0,2026-04-30 17:25:23,2026-04-28 19:59:20,skipped_same_count
rli.tw,107.0,2026-04-30 17:25:19,2026-04-27 19:57:47,skipped_same_count
lun.tw,707.0,2026-04-30 17:25:14,2026-04-29 22:16:45,skipped_same_count
dylee.an,175.0,2026-04-30 17:25:10,2026-04-30 17:25:10,changed_fetching
mythekai,262.0,2026-04-30 17:25:06,2026-04-30 00:53:32,skipped_same_count
veedachang_,1822.0,2026-04-30 17:25:02,2026-04-27 22:12:55,skipped_same_count
ujlee0415,550.0,2026-04-30 17:24:58,2026-04-29 22:16:26,skipped_same_count
vigueurchen,57.0,2026-04-30 17:24:53,2026-04-17 23:08:40,skipped_same_count
jefferyjuniorr,1095.0,2026-04-30 17:24:49,2026-04-29 22:16:17,skipped_same_count
c13nn,430.0,2026-04-30 17:24:43,2026-04-29 22:16:13,skipped_same_count
yoona_lalala_,187.0,2026-04-30 17:24:38,2026-04-29 22:16:09,skipped_same_count
kcting_____,1177.0,2026-04-30 17:24:35,2026-04-29 19:45:21,skipped_same_count
chjaneen,552.0,2026-04-30 17:24:30,2026-04-28 17:34:41,skipped_same_count
laurenveur,309.0,2026-04-30 17:24:26,2026-04-30 00:52:52,skipped_same_count
zora_1024,1849.0,2026-04-30 17:24:23,2026-04-30 14:41:36,skipped_same_count
zona.ccc,263.0,2026-04-30 17:24:18,2026-04-25 23:51:57,skipped_same_count
zoebitalk,1402.0,2026-04-30 17:24:14,2026-04-28 19:58:11,skipped_same_count
yuus2.0,1055.0,2026-04-30 17:24:10,2026-04-28 00:52:59,skipped_same_count
yushit_whonow,36.0,2026-04-30 17:24:06,2026-04-16 19:16:53,skipped_same_count
yuka_wang_,558.0,2026-04-30 17:24:02,2026-04-30 17:24:02,changed_fetching
yoooniii___,1662.0,2026-04-30 17:23:58,2026-04-29 22:15:20,skipped_same_count
yi_hsien_1123,42.0,2026-04-30 17:23:54,2026-04-25 19:04:13,skipped_same_count
yi_chan_liang,3289.0,2026-04-30 17:23:50,2026-04-22 23:26:38,skipped_same_count
xin_yeee719,677.0,2026-04-30 17:23:46,2026-04-26 21:24:19,skipped_same_count
xiaoawww,562.0,2026-04-30 17:23:41,2026-04-05 03:29:11,skipped_same_count
xbabyx520,254.0,2026-04-30 17:23:37,2026-04-29 19:49:48,skipped_same_count
x.yunny.x,2799.0,2026-04-30 17:23:33,2026-04-30 14:40:41,skipped_same_count
wow4ivan,291.0,2026-04-30 17:23:29,2026-04-27 22:11:21,skipped_same_count
woo_hsiang_chun,1161.0,2026-04-30 17:23:25,2026-04-05 03:29:35,skipped_same_count
weiweibig,1317.0,2026-04-30 17:23:21,2026-04-29 19:49:31,skipped_same_count
weiwei4320,1103.0,2026-04-30 17:23:17,2026-04-27 22:11:08,skipped_same_count
wayne__yeah,1402.0,2026-04-30 17:23:14,2026-04-29 22:14:31,skipped_same_count
wangkaiwen820,138.0,2026-04-30 17:23:10,2026-04-24 20:08:55,skipped_same_count
wan_ting_tsai_,146.0,2026-04-30 17:23:05,2026-04-24 18:33:44,skipped_same_count
vv_levia,1306.0,2026-04-30 17:23:01,2026-04-29 22:14:18,skipped_same_count
uriko1219,474.0,2026-04-30 17:22:57,2026-04-16 16:01:28,skipped_same_count
tsengsean,1415.0,2026-04-30 17:22:53,2026-04-28 17:33:03,skipped_same_count
thetiffanychen,2188.0,2026-04-30 17:22:49,2026-04-28 22:28:32,skipped_same_count
thedodomen,1145.0,2026-04-30 17:22:45,2026-04-29 19:48:44,skipped_same_count
teacherchiang,1967.0,2026-04-30 17:22:40,2026-04-29 22:13:58,skipped_same_count
tanmilin,1148.0,2026-04-30 17:22:36,2026-04-30 14:39:41,skipped_same_count
tang_ful,1549.0,2026-04-30 17:22:32,2026-04-28 19:56:22,skipped_same_count
syrinxcat,2209.0,2026-04-30 17:22:28,2026-04-22 23:25:12,skipped_same_count
sonia_0929,259.0,2026-04-30 17:22:24,2026-04-30 00:50:46,skipped_same_count
shawn328_,1193.0,2026-04-30 17:22:19,2026-04-05 03:30:39,skipped_same_count
selinalee_0126,302.0,2026-04-30 17:22:13,2026-04-24 18:32:47,skipped_same_count
seaerr__,333.0,2026-04-30 17:22:09,2026-04-24 22:09:58,skipped_same_count
run_fong0526,168.0,2026-04-30 17:22:05,2026-04-29 01:02:41,skipped_same_count
rrei_ier,1529.0,2026-04-30 17:22:01,2026-04-29 19:47:54,skipped_same_count
rockerivanliu,528.0,2026-04-30 17:21:56,2026-04-30 17:21:56,changed_fetching
reformerz_kior,450.0,2026-04-30 17:21:52,2026-04-05 03:30:41,skipped_same_count
raydenyang,493.0,2026-04-30 17:21:48,2026-04-25 17:04:19,skipped_same_count
qqamy0720,789.0,2026-04-30 17:21:44,2026-04-27 22:09:34,skipped_same_count
qop0102qop,704.0,2026-04-30 17:21:40,2026-04-28 22:27:26,skipped_same_count
qdd_x1,418.0,2026-04-30 17:21:35,2026-04-27 22:09:26,skipped_same_count
plgm_0827,451.0,2026-04-30 17:21:32,2026-04-28 22:27:17,skipped_same_count
pinpin_0522,211.0,2026-04-30 17:21:27,2026-04-05 03:30:33,skipped_same_count
pigcatmama,1124.0,2026-04-30 17:21:23,2026-04-28 22:27:09,skipped_same_count
peeta.gege,881.0,2026-04-30 17:21:19,2026-04-28 19:55:08,skipped_same_count
patrickliu0721,888.0,2026-04-30 17:21:15,2026-04-11 22:45:05,skipped_same_count
orlando_1218,1059.0,2026-04-30 17:21:11,2026-04-27 22:09:01,skipped_same_count
ooxxq60297ya,4603.0,2026-04-30 17:21:07,2026-04-30 14:38:09,skipped_same_count
ntsai25,4639.0,2026-04-30 17:21:03,2026-04-29 22:12:21,skipped_same_count
noloveclub127,32.0,2026-04-30 17:20:59,2026-04-19 00:53:05,skipped_same_count
ning3035,2626.0,2026-04-30 17:20:55,2026-04-25 21:18:16,skipped_same_count
nene_shao,748.0,2026-04-30 17:20:51,2026-04-29 22:12:09,skipped_same_count
myrna.17,544.0,2026-04-30 17:20:47,2026-04-29 04:25:26,skipped_same_count
mrcheu1019,205.0,2026-04-30 17:20:43,2026-04-29 14:32:14,skipped_same_count
mori.s0909,1741.0,2026-04-30 17:20:39,2026-04-05 03:30:31,skipped_same_count
mitayen,788.0,2026-04-30 17:20:35,2026-04-28 19:54:16,skipped_same_count
mimi00419,1360.0,2026-04-30 17:20:30,2026-04-30 12:01:51,skipped_same_count
mia9348,2323.0,2026-04-30 17:20:26,2026-04-24 20:05:58,skipped_same_count
maygobla,1521.0,2026-04-30 17:20:21,2026-04-26 23:51:33,skipped_same_count
m____sir,98.0,2026-04-30 17:20:17,2026-04-26 23:51:29,skipped_same_count
lotmainidea,180.0,2026-04-30 17:20:13,2026-04-23 22:11:23,skipped_same_count
lockingjack,2264.0,2026-04-30 17:20:09,2026-04-28 12:03:33,skipped_same_count
lees_is_me,1482.0,2026-04-30 17:20:03,2026-04-29 22:11:23,skipped_same_count
l1vius07,80.0,2026-04-30 17:19:58,2026-04-29 22:11:19,skipped_same_count
l.chingchun,955.0,2026-04-30 17:19:54,2026-04-29 19:45:41,skipped_same_count
kusowhite,795.0,2026-04-30 17:19:48,2026-04-05 03:30:43,skipped_same_count
kudream,284.0,2026-04-30 17:19:43,2026-04-09 04:30:35,skipped_same_count
ktgn556412,497.0,2026-04-30 17:19:39,2026-04-10 00:25:49,skipped_same_count
kiki_theblogger,1416.0,2026-04-30 17:19:35,2026-04-28 19:53:21,skipped_same_count
k3okii,1397.0,2026-04-30 17:19:27,2026-04-15 21:50:20,skipped_same_count
juliamisakii,1832.0,2026-04-30 17:19:23,2026-04-30 12:00:45,skipped_same_count
joliechi,1455.0,2026-04-30 17:19:18,2026-04-29 19:45:07,skipped_same_count
itspeachi_,719.0,2026-04-30 17:19:14,2026-04-20 19:24:41,skipped_same_count
itrainyourmom,252.0,2026-04-30 17:19:10,2026-04-27 00:54:38,skipped_same_count
im_lilflower,133.0,2026-04-30 17:19:06,2026-04-26 23:50:21,skipped_same_count
illywang,708.0,2026-04-30 17:18:59,2026-04-30 17:18:59,changed_fetching
hungkai.c,207.0,2026-04-30 17:18:55,2026-04-11 13:02:23,skipped_same_count
hsuan09876,285.0,2026-04-30 17:18:50,2026-04-24 22:06:26,skipped_same_count
homei0416,484.0,2026-04-30 17:18:46,2026-04-29 19:44:40,skipped_same_count
hoelaine1116,1731.0,2026-04-30 17:18:42,2026-04-29 14:30:23,skipped_same_count
heyheyastor,2599.0,2026-04-30 17:18:38,2026-04-29 19:44:32,skipped_same_count
helloiamhook,1163.0,2026-04-30 17:18:34,2026-04-23 16:04:41,skipped_same_count
gracechiang105,177.0,2026-04-30 17:18:30,2026-04-28 22:24:20,skipped_same_count
goldfishbrain17,950.0,2026-04-30 17:18:26,2026-04-24 22:06:00,skipped_same_count
giseleeel,398.0,2026-04-30 17:18:22,2026-04-30 14:35:25,skipped_same_count
gemma_chang,868.0,2026-04-30 17:18:18,2026-04-29 22:09:34,skipped_same_count
gdan_pudding,1377.0,2026-04-30 17:18:13,2026-04-24 16:13:25,skipped_same_count
frannie0420,194.0,2026-04-30 17:18:09,2026-04-24 04:10:34,skipped_same_count
fc313,72.0,2026-04-30 17:18:05,2026-04-05 03:28:58,skipped_same_count
evasports_,1829.0,2026-04-30 17:18:01,2026-04-29 22:09:18,skipped_same_count
evalin555,2478.0,2026-04-30 17:17:57,2026-04-28 19:51:27,skipped_same_count
ethan_hung3513,229.0,2026-04-30 17:17:53,2026-04-28 17:28:01,skipped_same_count
elun1020,1057.0,2026-04-30 17:17:46,2026-04-30 17:17:46,changed_fetching
ellington20,514.0,2026-04-30 17:17:42,2026-04-12 19:39:38,skipped_same_count
ellieciouss,4382.0,2026-04-30 17:17:38,2026-04-29 22:08:53,skipped_same_count
elephant_gogo,1923.0,2026-04-30 17:17:33,2026-04-29 22:08:49,skipped_same_count
dododo_yu,1118.0,2026-04-30 17:17:29,2026-04-29 19:43:23,skipped_same_count
diamond1018,1326.0,2026-04-30 17:17:25,2026-04-30 17:17:25,changed_fetching
dayxcx_n,178.0,2026-04-30 17:17:21,2026-04-05 03:30:32,skipped_same_count
david_der_der,816.0,2026-04-30 17:17:17,2026-04-29 11:56:38,skipped_same_count
da_chien_huang,510.0,2026-04-30 17:17:12,2026-04-23 18:25:12,skipped_same_count
cody.0928,72.0,2026-04-30 17:17:09,2026-04-23 22:08:27,skipped_same_count
clio1008,890.0,2026-04-30 17:17:04,2026-04-13 23:19:57,skipped_same_count
cindyhhh32,1693.0,2026-04-30 17:17:00,2026-04-28 17:27:11,skipped_same_count
cinderzoee,861.0,2026-04-30 17:16:55,2026-04-29 22:08:10,skipped_same_count
chuyo622,4215.0,2026-04-30 17:16:51,2026-04-29 19:42:44,skipped_same_count
chiao_w,2120.0,2026-04-30 17:16:47,2026-04-30 04:14:28,skipped_same_count
cheng4fake,449.0,2026-04-30 17:16:43,2026-04-28 19:50:12,skipped_same_count
chelseafoodlife,2043.0,2026-04-30 17:16:39,2026-04-30 17:16:39,changed_fetching
ch.ineffable,1166.0,2026-04-30 17:16:35,2026-04-29 11:55:57,skipped_same_count
cailingliou,882.0,2026-04-30 17:16:31,2026-04-25 15:24:51,skipped_same_count
bumpbro,14.0,2026-04-30 17:16:26,2026-04-17 05:54:13,skipped_same_count
brightlife_magrate,842.0,2026-04-30 17:16:22,2026-04-29 14:28:05,skipped_same_count
arielsvlog_816,1428.0,2026-04-30 17:16:17,2026-04-29 19:42:11,skipped_same_count
apple_misscrazy,1705.0,2026-04-30 17:16:15,2026-04-28 14:39:49,skipped_same_count
annie19880521,1246.0,2026-04-30 17:16:11,2026-04-25 19:42:41,skipped_same_count
althea_hsingan,2108.0,2026-04-30 17:16:07,2026-04-29 22:07:20,skipped_same_count
aliceeecccc,3263.0,2026-04-30 17:16:03,2026-04-30 00:44:39,skipped_same_count
alferdpacker69,996.0,2026-04-30 17:15:58,2026-04-20 19:21:26,skipped_same_count
51yui_,492.0,2026-04-30 17:15:54,2026-04-29 17:12:41,skipped_same_count
2.20_l,2001.0,2026-04-30 17:15:50,2026-04-30 00:44:26,skipped_same_count
16v0_0v16,183.0,2026-04-30 17:15:46,2026-04-05 03:29:00,skipped_same_count
1_shiuan_0,2984.0,2026-04-30 17:15:41,2026-04-29 22:06:52,skipped_same_count
_nakaw,109.0,2026-04-30 17:15:37,2026-04-17 21:26:58,skipped_same_count
___hsun____,1618.0,2026-04-30 17:15:32,2026-04-29 22:06:41,skipped_same_count
